Model,Accuracy,Precision,Recall,F1_Score,AUC_ROC,Training_Time
Voting_Soft,0.68875,0.690176322418136,0.685,0.6875784190715182,0.7604875,4.3785505294799805
Voting_Hard,0.70375,0.7095115681233933,0.69,0.6996197718631179,,2.492140054702759
Bagging_RF,0.7075,0.7172774869109948,0.685,0.7007672634271099,0.76675625,5.76642632484436
Optimized_XGB,0.65,0.654639175257732,0.635,0.6446700507614214,0.72256875,0.36316442489624023
Optimized_RF,0.69,0.69,0.69,0.69,0.755175,2.5864291191101074
