Feature,Importance
ph,0.12913191325829892
Sulfate,0.12785801730279875
Hardness,0.12163291717056024
Chloramines,0.11604770899669244
Solids,0.11186290989512282
Conductivity,0.10075191220068465
Turbidity,0.09952150508529803
Organic_carbon,0.09752135723414575
Trihalomethanes,0.09567175885639838
